title,summary,category
Quantum Computing Breakthrough,Quantum Computing Breakthrough - This article provides insights about technology and related developments.,technology
New Smartphone Launches in 2025,New Smartphone Launches in 2025 - This article provides insights about technology and related developments.,technology
New Smartphone Launches in 2025,New Smartphone Launches in 2025 - This article provides insights about technology and related developments.,technology
New Smartphone Launches in 2025,New Smartphone Launches in 2025 - This article provides insights about technology and related developments.,technology
New Smartphone Launches in 2025,New Smartphone Launches in 2025 - This article provides insights about technology and related developments.,technology
New Smartphone Launches in 2025,New Smartphone Launches in 2025 - This article provides insights about technology and related developments.,technology
Quantum Computing Breakthrough,Quantum Computing Breakthrough - This article provides insights about technology and related developments.,technology
AI is Transforming the Future,AI is Transforming the Future - This article provides insights about technology and related developments.,technology
AI is Transforming the Future,AI is Transforming the Future - This article provides insights about technology and related developments.,technology
Quantum Computing Breakthrough,Quantum Computing Breakthrough - This article provides insights about technology and related developments.,technology
AI is Transforming the Future,AI is Transforming the Future - This article provides insights about technology and related developments.,technology
AI is Transforming the Future,AI is Transforming the Future - This article provides insights about technology and related developments.,technology
AI is Transforming the Future,AI is Transforming the Future - This article provides insights about technology and related developments.,technology
AI is Transforming the Future,AI is Transforming the Future - This article provides insights about technology and related developments.,technology
Quantum Computing Breakthrough,Quantum Computing Breakthrough - This article provides insights about technology and related developments.,technology
AI is Transforming the Future,AI is Transforming the Future - This article provides insights about technology and related developments.,technology
AI is Transforming the Future,AI is Transforming the Future - This article provides insights about technology and related developments.,technology
New Smartphone Launches in 2025,New Smartphone Launches in 2025 - This article provides insights about technology and related developments.,technology
New Smartphone Launches in 2025,New Smartphone Launches in 2025 - This article provides insights about technology and related developments.,technology
Quantum Computing Breakthrough,Quantum Computing Breakthrough - This article provides insights about technology and related developments.,technology
AI is Transforming the Future,AI is Transforming the Future - This article provides insights about technology and related developments.,technology
AI is Transforming the Future,AI is Transforming the Future - This article provides insights about technology and related developments.,technology
AI is Transforming the Future,AI is Transforming the Future - This article provides insights about technology and related developments.,technology
New Smartphone Launches in 2025,New Smartphone Launches in 2025 - This article provides insights about technology and related developments.,technology
Quantum Computing Breakthrough,Quantum Computing Breakthrough - This article provides insights about technology and related developments.,technology
Quantum Computing Breakthrough,Quantum Computing Breakthrough - This article provides insights about technology and related developments.,technology
Quantum Computing Breakthrough,Quantum Computing Breakthrough - This article provides insights about technology and related developments.,technology
Quantum Computing Breakthrough,Quantum Computing Breakthrough - This article provides insights about technology and related developments.,technology
New Smartphone Launches in 2025,New Smartphone Launches in 2025 - This article provides insights about technology and related developments.,technology
Quantum Computing Breakthrough,Quantum Computing Breakthrough - This article provides insights about technology and related developments.,technology
Top 10 Minimalist Living Tips,Top 10 Minimalist Living Tips - This article provides insights about lifestyle and related developments.,lifestyle
Eco-Friendly Fashion Trends,Eco-Friendly Fashion Trends - This article provides insights about lifestyle and related developments.,lifestyle
Top 10 Minimalist Living Tips,Top 10 Minimalist Living Tips - This article provides insights about lifestyle and related developments.,lifestyle
How to Build a Productive Routine,How to Build a Productive Routine - This article provides insights about lifestyle and related developments.,lifestyle
Eco-Friendly Fashion Trends,Eco-Friendly Fashion Trends - This article provides insights about lifestyle and related developments.,lifestyle
Top 10 Minimalist Living Tips,Top 10 Minimalist Living Tips - This article provides insights about lifestyle and related developments.,lifestyle
Top 10 Minimalist Living Tips,Top 10 Minimalist Living Tips - This article provides insights about lifestyle and related developments.,lifestyle
How to Build a Productive Routine,How to Build a Productive Routine - This article provides insights about lifestyle and related developments.,lifestyle
Eco-Friendly Fashion Trends,Eco-Friendly Fashion Trends - This article provides insights about lifestyle and related developments.,lifestyle
Top 10 Minimalist Living Tips,Top 10 Minimalist Living Tips - This article provides insights about lifestyle and related developments.,lifestyle
How to Build a Productive Routine,How to Build a Productive Routine - This article provides insights about lifestyle and related developments.,lifestyle
Top 10 Minimalist Living Tips,Top 10 Minimalist Living Tips - This article provides insights about lifestyle and related developments.,lifestyle
Top 10 Minimalist Living Tips,Top 10 Minimalist Living Tips - This article provides insights about lifestyle and related developments.,lifestyle
Eco-Friendly Fashion Trends,Eco-Friendly Fashion Trends - This article provides insights about lifestyle and related developments.,lifestyle
How to Build a Productive Routine,How to Build a Productive Routine - This article provides insights about lifestyle and related developments.,lifestyle
Eco-Friendly Fashion Trends,Eco-Friendly Fashion Trends - This article provides insights about lifestyle and related developments.,lifestyle
Top 10 Minimalist Living Tips,Top 10 Minimalist Living Tips - This article provides insights about lifestyle and related developments.,lifestyle
How to Build a Productive Routine,How to Build a Productive Routine - This article provides insights about lifestyle and related developments.,lifestyle
How to Build a Productive Routine,How to Build a Productive Routine - This article provides insights about lifestyle and related developments.,lifestyle
Top 10 Minimalist Living Tips,Top 10 Minimalist Living Tips - This article provides insights about lifestyle and related developments.,lifestyle
How to Build a Productive Routine,How to Build a Productive Routine - This article provides insights about lifestyle and related developments.,lifestyle
Top 10 Minimalist Living Tips,Top 10 Minimalist Living Tips - This article provides insights about lifestyle and related developments.,lifestyle
Top 10 Minimalist Living Tips,Top 10 Minimalist Living Tips - This article provides insights about lifestyle and related developments.,lifestyle
Eco-Friendly Fashion Trends,Eco-Friendly Fashion Trends - This article provides insights about lifestyle and related developments.,lifestyle
How to Build a Productive Routine,How to Build a Productive Routine - This article provides insights about lifestyle and related developments.,lifestyle
Eco-Friendly Fashion Trends,Eco-Friendly Fashion Trends - This article provides insights about lifestyle and related developments.,lifestyle
How to Build a Productive Routine,How to Build a Productive Routine - This article provides insights about lifestyle and related developments.,lifestyle
How to Build a Productive Routine,How to Build a Productive Routine - This article provides insights about lifestyle and related developments.,lifestyle
Top 10 Minimalist Living Tips,Top 10 Minimalist Living Tips - This article provides insights about lifestyle and related developments.,lifestyle
How to Build a Productive Routine,How to Build a Productive Routine - This article provides insights about lifestyle and related developments.,lifestyle
The Rise of Virtual Fitness Classes,The Rise of Virtual Fitness Classes - This article provides insights about fitness and related developments.,fitness
The Rise of Virtual Fitness Classes,The Rise of Virtual Fitness Classes - This article provides insights about fitness and related developments.,fitness
5 Effective Home Workouts,5 Effective Home Workouts - This article provides insights about fitness and related developments.,fitness
5 Effective Home Workouts,5 Effective Home Workouts - This article provides insights about fitness and related developments.,fitness
5 Effective Home Workouts,5 Effective Home Workouts - This article provides insights about fitness and related developments.,fitness
Morning Yoga Benefits Explained,Morning Yoga Benefits Explained - This article provides insights about fitness and related developments.,fitness
Morning Yoga Benefits Explained,Morning Yoga Benefits Explained - This article provides insights about fitness and related developments.,fitness
5 Effective Home Workouts,5 Effective Home Workouts - This article provides insights about fitness and related developments.,fitness
Morning Yoga Benefits Explained,Morning Yoga Benefits Explained - This article provides insights about fitness and related developments.,fitness
Morning Yoga Benefits Explained,Morning Yoga Benefits Explained - This article provides insights about fitness and related developments.,fitness
The Rise of Virtual Fitness Classes,The Rise of Virtual Fitness Classes - This article provides insights about fitness and related developments.,fitness
5 Effective Home Workouts,5 Effective Home Workouts - This article provides insights about fitness and related developments.,fitness
The Rise of Virtual Fitness Classes,The Rise of Virtual Fitness Classes - This article provides insights about fitness and related developments.,fitness
The Rise of Virtual Fitness Classes,The Rise of Virtual Fitness Classes - This article provides insights about fitness and related developments.,fitness
5 Effective Home Workouts,5 Effective Home Workouts - This article provides insights about fitness and related developments.,fitness
Morning Yoga Benefits Explained,Morning Yoga Benefits Explained - This article provides insights about fitness and related developments.,fitness
5 Effective Home Workouts,5 Effective Home Workouts - This article provides insights about fitness and related developments.,fitness
The Rise of Virtual Fitness Classes,The Rise of Virtual Fitness Classes - This article provides insights about fitness and related developments.,fitness
Morning Yoga Benefits Explained,Morning Yoga Benefits Explained - This article provides insights about fitness and related developments.,fitness
The Rise of Virtual Fitness Classes,The Rise of Virtual Fitness Classes - This article provides insights about fitness and related developments.,fitness
5 Effective Home Workouts,5 Effective Home Workouts - This article provides insights about fitness and related developments.,fitness
Morning Yoga Benefits Explained,Morning Yoga Benefits Explained - This article provides insights about fitness and related developments.,fitness
Morning Yoga Benefits Explained,Morning Yoga Benefits Explained - This article provides insights about fitness and related developments.,fitness
5 Effective Home Workouts,5 Effective Home Workouts - This article provides insights about fitness and related developments.,fitness
Morning Yoga Benefits Explained,Morning Yoga Benefits Explained - This article provides insights about fitness and related developments.,fitness
5 Effective Home Workouts,5 Effective Home Workouts - This article provides insights about fitness and related developments.,fitness
The Rise of Virtual Fitness Classes,The Rise of Virtual Fitness Classes - This article provides insights about fitness and related developments.,fitness
The Rise of Virtual Fitness Classes,The Rise of Virtual Fitness Classes - This article provides insights about fitness and related developments.,fitness
Morning Yoga Benefits Explained,Morning Yoga Benefits Explained - This article provides insights about fitness and related developments.,fitness
The Rise of Virtual Fitness Classes,The Rise of Virtual Fitness Classes - This article provides insights about fitness and related developments.,fitness
Top Adventure Travel Destinations,Top Adventure Travel Destinations - This article provides insights about travel and related developments.,travel
Hidden Gems to Visit in Europe,Hidden Gems to Visit in Europe - This article provides insights about travel and related developments.,travel
Top Adventure Travel Destinations,Top Adventure Travel Destinations - This article provides insights about travel and related developments.,travel
Budget Travel Tips for 2025,Budget Travel Tips for 2025 - This article provides insights about travel and related developments.,travel
Budget Travel Tips for 2025,Budget Travel Tips for 2025 - This article provides insights about travel and related developments.,travel
Hidden Gems to Visit in Europe,Hidden Gems to Visit in Europe - This article provides insights about travel and related developments.,travel
Budget Travel Tips for 2025,Budget Travel Tips for 2025 - This article provides insights about travel and related developments.,travel
Hidden Gems to Visit in Europe,Hidden Gems to Visit in Europe - This article provides insights about travel and related developments.,travel
Top Adventure Travel Destinations,Top Adventure Travel Destinations - This article provides insights about travel and related developments.,travel
Budget Travel Tips for 2025,Budget Travel Tips for 2025 - This article provides insights about travel and related developments.,travel
Hidden Gems to Visit in Europe,Hidden Gems to Visit in Europe - This article provides insights about travel and related developments.,travel
Budget Travel Tips for 2025,Budget Travel Tips for 2025 - This article provides insights about travel and related developments.,travel
Hidden Gems to Visit in Europe,Hidden Gems to Visit in Europe - This article provides insights about travel and related developments.,travel
Budget Travel Tips for 2025,Budget Travel Tips for 2025 - This article provides insights about travel and related developments.,travel
Hidden Gems to Visit in Europe,Hidden Gems to Visit in Europe - This article provides insights about travel and related developments.,travel
Hidden Gems to Visit in Europe,Hidden Gems to Visit in Europe - This article provides insights about travel and related developments.,travel
Budget Travel Tips for 2025,Budget Travel Tips for 2025 - This article provides insights about travel and related developments.,travel
Budget Travel Tips for 2025,Budget Travel Tips for 2025 - This article provides insights about travel and related developments.,travel
Top Adventure Travel Destinations,Top Adventure Travel Destinations - This article provides insights about travel and related developments.,travel
Budget Travel Tips for 2025,Budget Travel Tips for 2025 - This article provides insights about travel and related developments.,travel
Top Adventure Travel Destinations,Top Adventure Travel Destinations - This article provides insights about travel and related developments.,travel
Hidden Gems to Visit in Europe,Hidden Gems to Visit in Europe - This article provides insights about travel and related developments.,travel
Top Adventure Travel Destinations,Top Adventure Travel Destinations - This article provides insights about travel and related developments.,travel
Hidden Gems to Visit in Europe,Hidden Gems to Visit in Europe - This article provides insights about travel and related developments.,travel
Budget Travel Tips for 2025,Budget Travel Tips for 2025 - This article provides insights about travel and related developments.,travel
Top Adventure Travel Destinations,Top Adventure Travel Destinations - This article provides insights about travel and related developments.,travel
Hidden Gems to Visit in Europe,Hidden Gems to Visit in Europe - This article provides insights about travel and related developments.,travel
Top Adventure Travel Destinations,Top Adventure Travel Destinations - This article provides insights about travel and related developments.,travel
Hidden Gems to Visit in Europe,Hidden Gems to Visit in Europe - This article provides insights about travel and related developments.,travel
Budget Travel Tips for 2025,Budget Travel Tips for 2025 - This article provides insights about travel and related developments.,travel
Quick Vegan Recipes,Quick Vegan Recipes - This article provides insights about food and related developments.,food
Benefits of a Mediterranean Diet,Benefits of a Mediterranean Diet - This article provides insights about food and related developments.,food
10 Street Foods You Must Try,10 Street Foods You Must Try - This article provides insights about food and related developments.,food
Benefits of a Mediterranean Diet,Benefits of a Mediterranean Diet - This article provides insights about food and related developments.,food
Quick Vegan Recipes,Quick Vegan Recipes - This article provides insights about food and related developments.,food
10 Street Foods You Must Try,10 Street Foods You Must Try - This article provides insights about food and related developments.,food
10 Street Foods You Must Try,10 Street Foods You Must Try - This article provides insights about food and related developments.,food
Quick Vegan Recipes,Quick Vegan Recipes - This article provides insights about food and related developments.,food
10 Street Foods You Must Try,10 Street Foods You Must Try - This article provides insights about food and related developments.,food
Quick Vegan Recipes,Quick Vegan Recipes - This article provides insights about food and related developments.,food
Benefits of a Mediterranean Diet,Benefits of a Mediterranean Diet - This article provides insights about food and related developments.,food
Quick Vegan Recipes,Quick Vegan Recipes - This article provides insights about food and related developments.,food
Benefits of a Mediterranean Diet,Benefits of a Mediterranean Diet - This article provides insights about food and related developments.,food
Benefits of a Mediterranean Diet,Benefits of a Mediterranean Diet - This article provides insights about food and related developments.,food
Quick Vegan Recipes,Quick Vegan Recipes - This article provides insights about food and related developments.,food
Quick Vegan Recipes,Quick Vegan Recipes - This article provides insights about food and related developments.,food
10 Street Foods You Must Try,10 Street Foods You Must Try - This article provides insights about food and related developments.,food
10 Street Foods You Must Try,10 Street Foods You Must Try - This article provides insights about food and related developments.,food
Benefits of a Mediterranean Diet,Benefits of a Mediterranean Diet - This article provides insights about food and related developments.,food
Quick Vegan Recipes,Quick Vegan Recipes - This article provides insights about food and related developments.,food
10 Street Foods You Must Try,10 Street Foods You Must Try - This article provides insights about food and related developments.,food
10 Street Foods You Must Try,10 Street Foods You Must Try - This article provides insights about food and related developments.,food
Benefits of a Mediterranean Diet,Benefits of a Mediterranean Diet - This article provides insights about food and related developments.,food
Benefits of a Mediterranean Diet,Benefits of a Mediterranean Diet - This article provides insights about food and related developments.,food
Quick Vegan Recipes,Quick Vegan Recipes - This article provides insights about food and related developments.,food
10 Street Foods You Must Try,10 Street Foods You Must Try - This article provides insights about food and related developments.,food
10 Street Foods You Must Try,10 Street Foods You Must Try - This article provides insights about food and related developments.,food
10 Street Foods You Must Try,10 Street Foods You Must Try - This article provides insights about food and related developments.,food
10 Street Foods You Must Try,10 Street Foods You Must Try - This article provides insights about food and related developments.,food
Benefits of a Mediterranean Diet,Benefits of a Mediterranean Diet - This article provides insights about food and related developments.,food
Olympics 2024 Highlights,Olympics 2024 Highlights - This article provides insights about sports and related developments.,sports
Olympics 2024 Highlights,Olympics 2024 Highlights - This article provides insights about sports and related developments.,sports
The Rise of Esports Worldwide,The Rise of Esports Worldwide - This article provides insights about sports and related developments.,sports
Football Transfers This Season,Football Transfers This Season - This article provides insights about sports and related developments.,sports
Football Transfers This Season,Football Transfers This Season - This article provides insights about sports and related developments.,sports
The Rise of Esports Worldwide,The Rise of Esports Worldwide - This article provides insights about sports and related developments.,sports
The Rise of Esports Worldwide,The Rise of Esports Worldwide - This article provides insights about sports and related developments.,sports
Football Transfers This Season,Football Transfers This Season - This article provides insights about sports and related developments.,sports
Olympics 2024 Highlights,Olympics 2024 Highlights - This article provides insights about sports and related developments.,sports
Olympics 2024 Highlights,Olympics 2024 Highlights - This article provides insights about sports and related developments.,sports
Football Transfers This Season,Football Transfers This Season - This article provides insights about sports and related developments.,sports
The Rise of Esports Worldwide,The Rise of Esports Worldwide - This article provides insights about sports and related developments.,sports
The Rise of Esports Worldwide,The Rise of Esports Worldwide - This article provides insights about sports and related developments.,sports
The Rise of Esports Worldwide,The Rise of Esports Worldwide - This article provides insights about sports and related developments.,sports
The Rise of Esports Worldwide,The Rise of Esports Worldwide - This article provides insights about sports and related developments.,sports
Football Transfers This Season,Football Transfers This Season - This article provides insights about sports and related developments.,sports
The Rise of Esports Worldwide,The Rise of Esports Worldwide - This article provides insights about sports and related developments.,sports
Football Transfers This Season,Football Transfers This Season - This article provides insights about sports and related developments.,sports
Football Transfers This Season,Football Transfers This Season - This article provides insights about sports and related developments.,sports
Olympics 2024 Highlights,Olympics 2024 Highlights - This article provides insights about sports and related developments.,sports
Olympics 2024 Highlights,Olympics 2024 Highlights - This article provides insights about sports and related developments.,sports
Football Transfers This Season,Football Transfers This Season - This article provides insights about sports and related developments.,sports
The Rise of Esports Worldwide,The Rise of Esports Worldwide - This article provides insights about sports and related developments.,sports
The Rise of Esports Worldwide,The Rise of Esports Worldwide - This article provides insights about sports and related developments.,sports
The Rise of Esports Worldwide,The Rise of Esports Worldwide - This article provides insights about sports and related developments.,sports
The Rise of Esports Worldwide,The Rise of Esports Worldwide - This article provides insights about sports and related developments.,sports
Football Transfers This Season,Football Transfers This Season - This article provides insights about sports and related developments.,sports
Football Transfers This Season,Football Transfers This Season - This article provides insights about sports and related developments.,sports
The Rise of Esports Worldwide,The Rise of Esports Worldwide - This article provides insights about sports and related developments.,sports
Football Transfers This Season,Football Transfers This Season - This article provides insights about sports and related developments.,sports
Policy Reform in Education Announced,Policy Reform in Education Announced - This article provides insights about politics and related developments.,politics
Election Results Shake Up Parliament,Election Results Shake Up Parliament - This article provides insights about politics and related developments.,politics
Election Results Shake Up Parliament,Election Results Shake Up Parliament - This article provides insights about politics and related developments.,politics
Election Results Shake Up Parliament,Election Results Shake Up Parliament - This article provides insights about politics and related developments.,politics
Election Results Shake Up Parliament,Election Results Shake Up Parliament - This article provides insights about politics and related developments.,politics
Global Leaders Meet for Climate Summit,Global Leaders Meet for Climate Summit - This article provides insights about politics and related developments.,politics
Global Leaders Meet for Climate Summit,Global Leaders Meet for Climate Summit - This article provides insights about politics and related developments.,politics
Global Leaders Meet for Climate Summit,Global Leaders Meet for Climate Summit - This article provides insights about politics and related developments.,politics
Policy Reform in Education Announced,Policy Reform in Education Announced - This article provides insights about politics and related developments.,politics
Policy Reform in Education Announced,Policy Reform in Education Announced - This article provides insights about politics and related developments.,politics
Policy Reform in Education Announced,Policy Reform in Education Announced - This article provides insights about politics and related developments.,politics
Policy Reform in Education Announced,Policy Reform in Education Announced - This article provides insights about politics and related developments.,politics
Policy Reform in Education Announced,Policy Reform in Education Announced - This article provides insights about politics and related developments.,politics
Policy Reform in Education Announced,Policy Reform in Education Announced - This article provides insights about politics and related developments.,politics
Election Results Shake Up Parliament,Election Results Shake Up Parliament - This article provides insights about politics and related developments.,politics
Election Results Shake Up Parliament,Election Results Shake Up Parliament - This article provides insights about politics and related developments.,politics
Election Results Shake Up Parliament,Election Results Shake Up Parliament - This article provides insights about politics and related developments.,politics
Policy Reform in Education Announced,Policy Reform in Education Announced - This article provides insights about politics and related developments.,politics
Global Leaders Meet for Climate Summit,Global Leaders Meet for Climate Summit - This article provides insights about politics and related developments.,politics
Global Leaders Meet for Climate Summit,Global Leaders Meet for Climate Summit - This article provides insights about politics and related developments.,politics
Policy Reform in Education Announced,Policy Reform in Education Announced - This article provides insights about politics and related developments.,politics
Election Results Shake Up Parliament,Election Results Shake Up Parliament - This article provides insights about politics and related developments.,politics
Election Results Shake Up Parliament,Election Results Shake Up Parliament - This article provides insights about politics and related developments.,politics
Policy Reform in Education Announced,Policy Reform in Education Announced - This article provides insights about politics and related developments.,politics
Election Results Shake Up Parliament,Election Results Shake Up Parliament - This article provides insights about politics and related developments.,politics
Global Leaders Meet for Climate Summit,Global Leaders Meet for Climate Summit - This article provides insights about politics and related developments.,politics
Policy Reform in Education Announced,Policy Reform in Education Announced - This article provides insights about politics and related developments.,politics
Policy Reform in Education Announced,Policy Reform in Education Announced - This article provides insights about politics and related developments.,politics
Global Leaders Meet for Climate Summit,Global Leaders Meet for Climate Summit - This article provides insights about politics and related developments.,politics
Global Leaders Meet for Climate Summit,Global Leaders Meet for Climate Summit - This article provides insights about politics and related developments.,politics
How Inflation Affects Small Businesses,How Inflation Affects Small Businesses - This article provides insights about business and related developments.,business
How Inflation Affects Small Businesses,How Inflation Affects Small Businesses - This article provides insights about business and related developments.,business
Stock Market Trends Today,Stock Market Trends Today - This article provides insights about business and related developments.,business
How Inflation Affects Small Businesses,How Inflation Affects Small Businesses - This article provides insights about business and related developments.,business
How Inflation Affects Small Businesses,How Inflation Affects Small Businesses - This article provides insights about business and related developments.,business
Stock Market Trends Today,Stock Market Trends Today - This article provides insights about business and related developments.,business
Top Startups to Watch in 2025,Top Startups to Watch in 2025 - This article provides insights about business and related developments.,business
How Inflation Affects Small Businesses,How Inflation Affects Small Businesses - This article provides insights about business and related developments.,business
How Inflation Affects Small Businesses,How Inflation Affects Small Businesses - This article provides insights about business and related developments.,business
Top Startups to Watch in 2025,Top Startups to Watch in 2025 - This article provides insights about business and related developments.,business
Stock Market Trends Today,Stock Market Trends Today - This article provides insights about business and related developments.,business
How Inflation Affects Small Businesses,How Inflation Affects Small Businesses - This article provides insights about business and related developments.,business
Top Startups to Watch in 2025,Top Startups to Watch in 2025 - This article provides insights about business and related developments.,business
Top Startups to Watch in 2025,Top Startups to Watch in 2025 - This article provides insights about business and related developments.,business
Stock Market Trends Today,Stock Market Trends Today - This article provides insights about business and related developments.,business
How Inflation Affects Small Businesses,How Inflation Affects Small Businesses - This article provides insights about business and related developments.,business
How Inflation Affects Small Businesses,How Inflation Affects Small Businesses - This article provides insights about business and related developments.,business
Top Startups to Watch in 2025,Top Startups to Watch in 2025 - This article provides insights about business and related developments.,business
Top Startups to Watch in 2025,Top Startups to Watch in 2025 - This article provides insights about business and related developments.,business
Stock Market Trends Today,Stock Market Trends Today - This article provides insights about business and related developments.,business
Top Startups to Watch in 2025,Top Startups to Watch in 2025 - This article provides insights about business and related developments.,business
Stock Market Trends Today,Stock Market Trends Today - This article provides insights about business and related developments.,business
Stock Market Trends Today,Stock Market Trends Today - This article provides insights about business and related developments.,business
How Inflation Affects Small Businesses,How Inflation Affects Small Businesses - This article provides insights about business and related developments.,business
Stock Market Trends Today,Stock Market Trends Today - This article provides insights about business and related developments.,business
Stock Market Trends Today,Stock Market Trends Today - This article provides insights about business and related developments.,business
How Inflation Affects Small Businesses,How Inflation Affects Small Businesses - This article provides insights about business and related developments.,business
Top Startups to Watch in 2025,Top Startups to Watch in 2025 - This article provides insights about business and related developments.,business
Stock Market Trends Today,Stock Market Trends Today - This article provides insights about business and related developments.,business
Top Startups to Watch in 2025,Top Startups to Watch in 2025 - This article provides insights about business and related developments.,business
